子目录,文件名,城市,年份,字符数,文件状态
two,上海市2002.txt,上海市,2002,11314,正常
two,上海市2003.txt,上海市,2003,17466,正常
two,上海市2004.txt,上海市,2004,18567,正常
two,上海市2005.txt,上海市,2005,17483,正常
two,上海市2006.txt,上海市,2006,20719,正常
two,上海市2007.txt,上海市,2007,22506,正常
two,上海市2008.txt,上海市,2008,25693,正常
two,上海市2009.txt,上海市,2009,21620,正常
two,上海市2010.txt,上海市,2010,23481,正常
two,上海市2011.txt,上海市,2011,26952,正常
two,上海市2012.txt,上海市,2012,24793,正常
two,上海市2013.txt,上海市,2013,17262,正常
two,上海市2014.txt,上海市,2014,14660,正常
two,上海市2015.txt,上海市,2015,15775,正常
two,上海市2016.txt,上海市,2016,17264,正常
two,上海市2017.txt,上海市,2017,14431,正常
two,上海市2018.txt,上海市,2018,20123,正常
two,上海市2019.txt,上海市,2019,14219,正常
two,上海市2020.txt,上海市,2020,14482,正常
two,上海市2021.txt,上海市,2021,17883,正常
two,上海市2022.txt,上海市,2022,18277,正常
two,上海市2023.txt,上海市,2023,20345,正常
two,上海市2024.txt,上海市,2024,18788,正常
two,上海市2025.txt,上海市,2025,18034,正常
two,北京市2002.txt,北京市,2002,16342,正常
two,北京市2003.txt,北京市,2003,16715,正常
two,北京市2004.txt,北京市,2004,15343,正常
two,北京市2005.txt,北京市,2005,16203,正常
two,北京市2006.txt,北京市,2006,16647,正常
two,北京市2007.txt,北京市,2007,17026,正常
two,北京市2008.txt,北京市,2008,19627,正常
two,北京市2009.txt,北京市,2009,18630,正常
two,北京市2010.txt,北京市,2010,18646,正常
two,北京市2011.txt,北京市,2011,19950,正常
two,北京市2012.txt,北京市,2012,18835,正常
two,北京市2013.txt,北京市,2013,17720,正常
two,北京市2014.txt,北京市,2014,17978,正常
two,北京市2015.txt,北京市,2015,16382,正常
two,北京市2016.txt,北京市,2016,19529,正常
two,北京市2017.txt,北京市,2017,15465,正常
two,北京市2018.txt,北京市,2018,19772,正常
two,北京市2019.txt,北京市,2019,19876,正常
two,北京市2020.txt,北京市,2020,23026,正常
two,北京市2021.txt,北京市,2021,14353,正常
two,北京市2022.txt,北京市,2022,12223,正常
two,北京市2023.txt,北京市,2023,15669,正常
two,北京市2024.txt,北京市,2024,17309,正常
two,北京市_2025.txt,北京市,2025,16548,正常
two,天津市2002.txt,天津市,2002,12206,正常
two,天津市2003.txt,天津市,2003,16147,正常
two,天津市2004.txt,天津市,2004,16576,正常
two,天津市2005.txt,天津市,2005,16936,正常
two,天津市2006.txt,天津市,2006,16155,正常
two,天津市2007.txt,天津市,2007,16484,正常
two,天津市2008.txt,天津市,2008,19487,正常
two,天津市2009.txt,天津市,2009,17521,正常
two,天津市2010.txt,天津市,2010,16427,正常
two,天津市2011.txt,天津市,2011,17773,正常
two,天津市2012.txt,天津市,2012,15308,正常
two,天津市2013.txt,天津市,2013,16887,正常
two,天津市2014.txt,天津市,2014,14327,正常
two,天津市2015.txt,天津市,2015,12416,正常
two,天津市2016.txt,天津市,2016,13383,正常
two,天津市2017.txt,天津市,2017,13021,正常
two,天津市2018.txt,天津市,2018,16870,正常
two,天津市2019.txt,天津市,2019,18013,正常
two,天津市2020.txt,天津市,2020,17017,正常
two,天津市2021.txt,天津市,2021,16897,正常
two,天津市2022.txt,天津市,2022,19514,正常
two,天津市2023.txt,天津市,2023,22865,正常
two,天津市2024.txt,天津市,2024,16550,正常
two,天津市_2025.txt,天津市,2025,15326,正常
two,重庆市2002.txt,重庆市,2002,10053,正常
two,重庆市2003.txt,重庆市,2003,19402,正常
two,重庆市2004.txt,重庆市,2004,17673,正常
two,重庆市2005.txt,重庆市,2005,19874,正常
two,重庆市2006.txt,重庆市,2006,18335,正常
two,重庆市2007.txt,重庆市,2007,19149,正常
two,重庆市2008.txt,重庆市,2008,18820,正常
two,重庆市2009.txt,重庆市,2009,18668,正常
two,重庆市2010.txt,重庆市,2010,19922,正常
two,重庆市2011.txt,重庆市,2011,21084,正常
two,重庆市2012.txt,重庆市,2012,20122,正常
two,重庆市2013.txt,重庆市,2013,18667,正常
two,重庆市2014.txt,重庆市,2014,18613,正常
two,重庆市2015.txt,重庆市,2015,19648,正常
two,重庆市2016.txt,重庆市,2016,22279,正常
two,重庆市2017.txt,重庆市,2017,18884,正常
two,重庆市2018.txt,重庆市,2018,17533,正常
two,重庆市2019.txt,重庆市,2019,18721,正常
two,重庆市2020.txt,重庆市,2020,20505,正常
two,重庆市2021.txt,重庆市,2021,26025,正常
two,重庆市2022.txt,重庆市,2022,24290,正常
two,重庆市2023.txt,重庆市,2023,26183,正常
two,重庆市2024.txt,重庆市,2024,23398,正常
two,重庆市2025.txt,重庆市,2025,22930,正常
